{"swagger":"2.0","info":{"title":"API Doc","version":"1.0.0","description":"API Doc for Application"},"paths":{"auth/login":{"post":{"tags":["Superadmin"],"summary":"Login API for admin","consumes":["application/json"],"produces":["application/json"],"parameters":[{"in":"body","name":"body","description":"Login API for admin","required":true,"schema":{"$ref":"#/definitions/Admin_Login"}}]}},"certificate-request/":{"post":{"tags":["Frontend"],"summary":"Add API for add Certificate Request","consumes":["application/json"],"produces":["application/json"],"parameters":[{"in":"body","name":"body","description":"Add API for add Certificate Request","required":true,"schema":{"$ref":"#/definitions/addCertificateRequest"}}]},"get":{"tags":["SuperAdmin"],"summary":"To fetch Certificate Request details","consumes":["application/json"],"produces":["application/json"],"parameters":[]}},"enterprise/":{"post":{"tags":["SuperAdmin"],"summary":"Add API for Enterprise","consumes":["application/json"],"produces":["application/json"],"parameters":[{"in":"body","name":"body","description":"Add API for Enterprise","required":true,"schema":{"$ref":"#/definitions/addEnterprise"}}]},"get":{"tags":["SuperAdmin"],"summary":"To fetch Enterprise details","consumes":["application/json"],"produces":["application/json"],"parameters":[]}},"transaction/applyPromo":{"post":{"tags":["Frontend"],"summary":"Add API for Promo code","consumes":["application/json"],"produces":["application/json"],"parameters":[{"in":"body","name":"body","description":"Add API for Promo code","required":true,"schema":{"$ref":"#/definitions/applyPromo"}}]}},"transaction/":{"post":{"tags":["SuperAdmin"],"summary":"Add API for Payment","consumes":["application/json"],"produces":["application/json"],"parameters":[{"in":"body","name":"body","description":"Add API for Payment","required":true,"schema":{"$ref":"#/definitions/addUser"}}]},"get":{"tags":["SuperAdmin"],"summary":"To fetch Transaction details","consumes":["application/json"],"produces":["application/json"],"parameters":[]}},"auth/forgot-password":{"get":{"tags":["SuperAdmin"],"summary":"To recover forgot password","consumes":["application/json"],"produces":["application/json"],"parameters":[]}},"blog-category/":{"get":{"tags":["SuperAdmin"],"summary":"To fetch blogs category details","consumes":["application/json"],"produces":["application/json"],"parameters":[]},"post":{"tags":["SuperAdmin"],"summary":"Add API for Blogs category","consumes":["application/json"],"produces":["application/json"],"parameters":[{"in":"body","name":"body","description":"Add API for Blogs category","required":true,"schema":{"$ref":"#/definitions/addBlogCategory"}}]}},"blog/":{"get":{"tags":["SuperAdmin"],"summary":"To fetch blogs details","consumes":["application/json"],"produces":["application/json"],"parameters":[]},"post":{"tags":["SuperAdmin"],"summary":"Add API for Blogs","consumes":["application/json"],"produces":["application/json"],"parameters":[{"in":"body","name":"body","description":"Add API for Blogs","required":true,"schema":{"$ref":"#/definitions/addBlog"}}]}},"auth/corporation":{"get":{"tags":["Frontend"],"summary":"To fetch Corporate details","consumes":["application/json"],"produces":["application/json"],"parameters":[]}},"courseTopic/":{"get":{"tags":["SuperAdmin"],"summary":"To fetch Course Topic details","consumes":["application/json"],"produces":["application/json"],"parameters":[]}},"course/":{"get":{"tags":["SuperAdmin"],"summary":"To fetch Course details","consumes":["application/json"],"produces":["application/json"],"parameters":[]},"post":{"tags":["SuperAdmin"],"summary":"Add API for add Course","consumes":["application/json"],"produces":["application/json"],"parameters":[{"in":"body","name":"body","description":"Add API for add Course","required":true,"schema":{"$ref":"#/definitions/addCourse"}}]}},"dashboard/courseAndPurchaseCount":{"get":{"tags":["Frontend"],"summary":"To fetch total Course User &amp; sales Count","consumes":["application/json"],"produces":["application/json"],"parameters":[]}},"module/":{"get":{"tags":["SuperAdmin"],"summary":"To fetch Module details","consumes":["application/json"],"produces":["application/json"],"parameters":[]},"post":{"tags":["SuperAdmin"],"summary":"API for add Module","consumes":["application/json"],"produces":["application/json"],"parameters":[{"in":"body","name":"body","description":"API for add Module","required":true,"schema":{"$ref":"#/definitions/addModule"}}]}},"press-release/":{"get":{"tags":["SuperAdmin"],"summary":"To fetch Press Release details","consumes":["application/json"],"produces":["application/json"],"parameters":[]},"post":{"tags":["SuperAdmin"],"summary":"Add API for Press Releases","consumes":["application/json"],"produces":["application/json"],"parameters":[{"in":"body","name":"body","description":"Add API for Press Releases","required":true,"schema":{"$ref":"#/definitions/addPressRelease"}}]}},"press-release-category/":{"get":{"tags":["SuperAdmin"],"summary":"To fetch  Press Release Category details","consumes":["application/json"],"produces":["application/json"],"parameters":[]},"post":{"tags":["SuperAdmin"],"summary":"Add API for Press Release Category","consumes":["application/json"],"produces":["application/json"],"parameters":[{"in":"body","name":"body","description":"Add API for Press Release Category","required":true,"schema":{"$ref":"#/definitions/addPressReleaseCategory"}}]}},"auth/universities":{"get":{"tags":["Frontend"],"summary":"To fetch Universities details","consumes":["application/json"],"produces":["application/json"],"parameters":[]}},"auth/link-verified":{"get":{"tags":["Frontend"],"summary":"To verify user by link","consumes":["application/json"],"produces":["application/json"],"parameters":[]}},"/auth/reset-password":{"post":{"tags":["SuperAdmin"],"summary":"Reset password through jwt token verification","consumes":["application/json"],"produces":["application/json"],"parameters":[{"in":"body","name":"body","description":"Reset password through jwt token verification","required":true,"schema":{"$ref":"#/definitions/resetPassword"}}]}},"user/signup":{"post":{"tags":["Frontend"],"summary":"API for user signup","consumes":["application/json"],"produces":["application/json"],"parameters":[{"in":"body","name":"body","description":"API for user signup","required":true,"schema":{"$ref":"#/definitions/signup"}}]}},"auth/change-password":{"put":{"tags":["SuperAdmin"],"summary":"Change Password of admin","consumes":["application/json"],"produces":["application/json"],"parameters":[{"in":"body","name":"body","description":"Change Password of admin","required":true,"schema":{"$ref":"#/definitions/adminChangePassword"}}]}},"auth/details":{"get":{"tags":["SuperAdmin"],"summary":"To fetch profile details of admin","consumes":["application/json"],"produces":["application/json"],"parameters":[]}},"/auth/update":{"put":{"tags":["SuperAdmin"],"summary":"update admin profile details","consumes":["application/json"],"produces":["application/json"],"parameters":[{"in":"body","name":"body","description":"update admin profile details","required":true,"schema":{"$ref":"#/definitions/adminProfile"}}]}},"blog/{id}":{"get":{"tags":["SuperAdmin"],"summary":"To fetch a Blog details","consumes":["application/json"],"produces":["application/json"],"parameters":[{"name":"_id","in":"path","required":true,"type":"string","description":"id of the Blog."}]},"delete":{"tags":["SuperAdmin"],"summary":"To Delete a Blog","consumes":["application/json"],"produces":["application/json"],"parameters":[{"name":"_id","in":"path","required":true,"type":"string","description":"id of the Blog."}]},"put":{"tags":["SuperAdmin"],"summary":"Update API for Blog","consumes":["application/json"],"produces":["application/json"],"parameters":[{"in":"body","name":"body","description":"Update API for Blog","required":true,"schema":{"$ref":"#/definitions/updateBlog"}}]}},"blog-category/{id}":{"get":{"tags":["SuperAdmin"],"summary":"To view a blogs category details","consumes":["application/json"],"produces":["application/json"],"parameters":[]},"delete":{"tags":["SuperAdmin"],"summary":"To Delete a Blog Category","consumes":["application/json"],"produces":["application/json"],"parameters":[{"name":"_id","in":"path","required":true,"type":"string","description":"id of the Blog Category."}]},"put":{"tags":["SuperAdmin"],"summary":"Update API for Blog Category","consumes":["application/json"],"produces":["application/json"],"parameters":[{"name":"id","in":"path","required":true,"type":"string","description":"id of the Blog Category."},{"in":"body","name":"body","description":"Update API for Blog Category","required":true,"schema":{"$ref":"#/definitions/updateBlogCategory"}}]}},"certificate-request/{courseId}":{"get":{"tags":["Frontend"],"summary":"To fetch a Certificate details","consumes":["application/json"],"produces":["application/json"],"parameters":[{"name":"courseId","in":"path","required":true,"type":"string","description":"id of the course."}]}},"course/{id}":{"get":{"tags":["SuperAdmin"],"summary":"To fetch Course details","consumes":["application/json"],"produces":["application/json"],"parameters":[{"name":"id","in":"path","required":true,"type":"string","description":"id of the Course."}]},"delete":{"tags":["SuperAdmin"],"summary":"To Delete Course profile","consumes":["application/json"],"produces":["application/json"],"parameters":[{"name":"_id","in":"path","required":true,"type":"string","description":"id of the Course."}]},"put":{"tags":["SuperAdmin"],"summary":"Update API for Course","consumes":["application/json"],"produces":["application/json"],"parameters":[{"in":"body","name":"body","description":"Update API for Course","required":true,"schema":{"$ref":"#/definitions/updateCourse"}}]}},"press-release/{id}":{"get":{"tags":["SuperAdmin"],"summary":"To fetch a Press Release details","consumes":["application/json"],"produces":["application/json"],"parameters":[{"name":"_id","in":"path","required":true,"type":"string","description":"id of the Press Release."}]},"delete":{"tags":["SuperAdmin"],"summary":"To Delete a Press Release","consumes":["application/json"],"produces":["application/json"],"parameters":[{"name":"_id","in":"path","required":true,"type":"string","description":"id of the Press Release."}]},"put":{"tags":["SuperAdmin"],"summary":"Update API for Press Release","consumes":["application/json"],"produces":["application/json"],"parameters":[{"in":"body","name":"body","description":"Update API for Press Release","required":true,"schema":{"$ref":"#/definitions/updatePressRelease"}}]}},"press-release-category/{id}":{"get":{"tags":["SuperAdmin"],"summary":"To view a Press Release Category details","consumes":["application/json"],"produces":["application/json"],"parameters":[]},"delete":{"tags":["SuperAdmin"],"summary":"To Delete a Press Release Category","consumes":["application/json"],"produces":["application/json"],"parameters":[{"name":"_id","in":"path","required":true,"type":"string","description":"id of the Press Release Category."}]},"put":{"tags":["SuperAdmin"],"summary":"Update API for Press Release Category","consumes":["application/json"],"produces":["application/json"],"parameters":[{"name":"id","in":"path","required":true,"type":"string","description":"id of the Press Release Category."},{"in":"body","name":"body","description":"Update API for Press Release Category","required":true,"schema":{"$ref":"#/definitions/updatePressReleaseCategory"}}]}},"user/{id}":{"get":{"tags":["SuperAdmin"],"summary":"To fetch User profile details","consumes":["application/json"],"produces":["application/json"],"parameters":[{"name":"_id","in":"path","required":true,"type":"string","description":"id of the User."}]},"delete":{"tags":["SuperAdmin"],"summary":"To Delete User profile","consumes":["application/json"],"produces":["application/json"],"parameters":[{"name":"_id","in":"path","required":true,"type":"string","description":"id of the User."}]},"put":{"tags":["SuperAdmin"],"summary":"Update API for user","consumes":["application/json"],"produces":["application/json"],"parameters":[{"in":"body","name":"body","description":"Update API for user","required":true,"schema":{"$ref":"#/definitions/updateUser"}}]}},"corporate/":{"post":{"tags":["SuperAdmin"],"summary":"Add API for Corporate","consumes":["application/json"],"produces":["application/json"],"parameters":[{"in":"body","name":"body","description":"Add API for Corporate","required":true,"schema":{"$ref":"#/definitions/addCorporate"}}]}},"promo-code/":{"post":{"tags":["SuperAdmin"],"summary":"Add API for Add Promo Code","consumes":["application/json"],"produces":["application/json"],"parameters":[{"in":"body","name":"body","description":"Add API for Add Promo Code","required":true,"schema":{"$ref":"#/definitions/addPromo"}}]},"get":{"tags":["SuperAdmin"],"summary":"API for get Promo list","consumes":["application/json"],"produces":["application/json"],"parameters":[]}},"talentLms/add-category":{"get":{"tags":["SuperAdmin"],"summary":"To Add talent lms Category","consumes":["application/json"],"produces":["application/json"],"parameters":[]}},"talentLms/add-users":{"get":{"tags":["SuperAdmin"],"summary":"To Add talent lms users","consumes":["application/json"],"produces":["application/json"],"parameters":[]}},"University/":{"post":{"tags":["SuperAdmin"],"summary":"Add API for University","consumes":["application/json"],"produces":["application/json"],"parameters":[{"in":"body","name":"body","description":"Add API for University","required":true,"schema":{"$ref":"#/definitions/addUniversity"}}]}},"user/":{"post":{"tags":["SuperAdmin"],"summary":"Add API for user","consumes":["application/json"],"produces":["application/json"],"parameters":[{"in":"body","name":"body","description":"Add API for user","required":true,"schema":{"$ref":"#/definitions/addUser"}}]},"get":{"tags":["SuperAdmin"],"summary":"To fetch users details","consumes":["application/json"],"produces":["application/json"],"parameters":[]}},"enterprise/{id}":{"delete":{"tags":["SuperAdmin"],"summary":"To Delete a Enterprise","consumes":["application/json"],"produces":["application/json"],"parameters":[{"name":"_id","in":"path","required":true,"type":"string","description":"id of the Enterprise"}]},"get":{"tags":["SuperAdmin"],"summary":"To fetch Enterprise details","consumes":["application/json"],"produces":["application/json"],"parameters":[{"name":"id","in":"path","required":true,"type":"string","description":"id of the Enterprise."}]}},"module/{id}":{"delete":{"tags":["SuperAdmin"],"summary":"To Delete a Module","consumes":["application/json"],"produces":["application/json"],"parameters":[{"name":"_id","in":"path","required":true,"type":"string","description":"id of the Module"}]},"put":{"tags":["SuperAdmin"],"summary":"Update API for Module","consumes":["application/json"],"produces":["application/json"],"parameters":[{"name":"id","in":"path","required":true,"type":"string","description":"id of the Module."},{"in":"body","name":"body","description":"Update API for Module","required":true,"schema":{"$ref":"#/definitions/updateModule"}}]},"get":{"tags":["SuperAdmin"],"summary":"To fetch Module details","consumes":["application/json"],"produces":["application/json"],"parameters":[{"name":"id","in":"path","required":true,"type":"string","description":"id of the Module."}]}},"promo-code/{id}":{"delete":{"tags":["SuperAdmin"],"summary":"To Delete a Promo","consumes":["application/json"],"produces":["application/json"],"parameters":[{"name":"promoCode","in":"path","required":true,"type":"string","description":"Code of the promo."}]},"put":{"tags":["SuperAdmin"],"summary":"API for Update Promo","consumes":["application/json"],"produces":["application/json"],"parameters":[{"in":"body","name":"body","description":"API for Update Promo","required":true,"schema":{"$ref":"#/definitions/updatePromo"}}]},"get":{"tags":["SuperAdmin"],"summary":"API for get Promo Details","consumes":["application/json"],"produces":["application/json"],"parameters":[]}},"course/available-course":{"get":{"tags":["SuperAdmin"],"summary":"To fetch Course details","consumes":["application/json"],"produces":["application/json"],"parameters":[]}},"user/corporation":{"get":{"tags":["SuperAdmin"],"summary":"To fetch Corporate details","consumes":["application/json"],"produces":["application/json"],"parameters":[]}},"dashboard/courseAndUserCount":{"get":{"tags":["SuperAdmin"],"summary":"To fetch total Course User &amp; sales Count","consumes":["application/json"],"produces":["application/json"],"parameters":[]}},"user/universities":{"get":{"tags":["SuperAdmin"],"summary":"To fetch Universities details","consumes":["application/json"],"produces":["application/json"],"parameters":[]}},"report/sales":{"get":{"tags":["SuperAdmin"],"summary":"To fetch Sales Report details","consumes":["application/json"],"produces":["application/json"],"parameters":[]}},"dashboard/totalSales":{"get":{"tags":["SuperAdmin"],"summary":"To fetch Total Sales Count","consumes":["application/json"],"produces":["application/json"],"parameters":[]}},"/blog/update-status/{id}":{"put":{"tags":["SuperAdmin"],"summary":"API for Update Blog Status","consumes":["application/json"],"produces":["application/json"],"parameters":[{"name":"id","in":"path","required":true,"type":"string","description":"id of the Blog."},{"in":"body","name":"body","description":"API for Update Blog Status","required":true,"schema":{"$ref":"#/definitions/updateBlogStatus"}}]}},"/certificate-request/update-status/{id}":{"put":{"tags":["SuperAdmin"],"summary":"API for Update Certificate Status","consumes":["application/json"],"produces":["application/json"],"parameters":[{"name":"id","in":"path","required":true,"type":"string","description":"id of the Certificate Request."},{"in":"body","name":"body","description":"API for Update Certificate Status","required":true,"schema":{"$ref":"#/definitions/updateCertificateStatus"}}]}},"corporate/{id}":{"put":{"tags":["SuperAdmin"],"summary":"Update API for Corporate","consumes":["application/json"],"produces":["application/json"],"parameters":[{"in":"body","name":"body","description":"Update API for Corporate","required":true,"schema":{"$ref":"#/definitions/updateCorporate"}}]}},"/course/update-status/{id}":{"put":{"tags":["SuperAdmin"],"summary":"API for Update Course Status","consumes":["application/json"],"produces":["application/json"],"parameters":[{"name":"id","in":"path","required":true,"type":"string","description":"id of the Course."},{"in":"body","name":"body","description":"API for Update Course Status","required":true,"schema":{"$ref":"#/definitions/updateCourseStatus"}}]}},"/module/update-status/{id}":{"put":{"tags":["SuperAdmin"],"summary":"API for Update Module Status","consumes":["application/json"],"produces":["application/json"],"parameters":[{"name":"id","in":"path","required":true,"type":"string","description":"id of the Module."},{"in":"body","name":"body","description":"API for Update Module Status","required":true,"schema":{"$ref":"#/definitions/updateModuleStatus"}}]}},"/press-release-category/update-status/{id}":{"put":{"tags":["SuperAdmin"],"summary":"API for Update Press Release Category Status","consumes":["application/json"],"produces":["application/json"],"parameters":[{"name":"id","in":"path","required":true,"type":"string","description":"id of the Press Release Category."},{"in":"body","name":"body","description":"API for Update Press Release Category Status","required":true,"schema":{"$ref":"#/definitions/updatePressReleaseCategoryStatus"}}]}},"/press-release/update-status/{id}":{"put":{"tags":["SuperAdmin"],"summary":"API for Update Press Release Status","consumes":["application/json"],"produces":["application/json"],"parameters":[{"name":"id","in":"path","required":true,"type":"string","description":"id of the Press Release."},{"in":"body","name":"body","description":"API for Update Press Release Status","required":true,"schema":{"$ref":"#/definitions/updatePressReleaseStatus"}}]}},"/promo-code/update-status/{id}":{"put":{"tags":["SuperAdmin"],"summary":"API for Update Module Status","consumes":["application/json"],"produces":["application/json"],"parameters":[{"name":"id","in":"path","required":true,"type":"string","description":"id of the Promo."},{"in":"body","name":"body","description":"API for Update Module Status","required":true,"schema":{"$ref":"#/definitions/updatePromoStatus"}}]}},"/user/update-status/{id}":{"put":{"tags":["SuperAdmin"],"summary":"API for Update user Status","consumes":["application/json"],"produces":["application/json"],"parameters":[{"name":"id","in":"path","required":true,"type":"string","description":"id of the User."},{"in":"body","name":"body","description":"API for Update user Status","required":true,"schema":{"$ref":"#/definitions/updateStatus"}}]}},"/blog-category/update-status/{id}":{"put":{"tags":["SuperAdmin"],"summary":"API for Update Blog Category Status","consumes":["application/json"],"produces":["application/json"],"parameters":[{"name":"id","in":"path","required":true,"type":"string","description":"id of the Blog Category."},{"in":"body","name":"body","description":"API for Update Blog Category Status","required":true,"schema":{"$ref":"#/definitions/updateStatusBlogCategory"}}]}},"University/{id}":{"put":{"tags":["SuperAdmin"],"summary":"Update API for University","consumes":["application/json"],"produces":["application/json"],"parameters":[{"in":"body","name":"body","description":"Update API for University","required":true,"schema":{"$ref":"#/definitions/updateUniversity"}}]}},"report/user":{"get":{"tags":["SuperAdmin"],"summary":"To fetch User Report details","consumes":["application/json"],"produces":["application/json"],"parameters":[]}},"transaction/{id}":{"get":{"tags":["SuperAdmin"],"summary":"To fetch a Transaction details","consumes":["application/json"],"produces":["application/json"],"parameters":[{"name":"_id","in":"path","required":true,"type":"string","description":"id of the Transaction."}]}}},"definitions":{"User_Login":{"properties":{"email":{"type":"string","description":"Email of the User."},"password":{"type":"string","description":"Password of the User."}},"required":["email","password"]},"Admin_Login":{"properties":{"email":{"type":"string","description":"Email of the Admin."},"password":{"type":"string","description":"Password of the Admin."}},"required":["email","password"]},"addCertificateRequest":{"properties":{"courseId":{"type":"string","description":"id of the Course."}},"required":["courseId"]},"addEnterprise":{"properties":{"contactNumber":{"type":"string","description":"contactNumber of the Enterprise."},"firstName":{"type":"string","description":"firstName of the Enterprise."},"lastName":{"type":"string","description":"lastName of the Enterprise."},"mobileNumber":{"type":"string","description":"mobileNumber of the Enterprise."},"message":{"type":"string","description":"message by the Enterprise."},"email":{"type":"string","description":"email of the Enterprise."}},"required":["contactNumber","firstName","lastName","mobileNumber","message","email"]},"applyPromo":{"properties":{"promoId":{"type":"string","description":"promo id"},"moduleId":{"type":"string","description":"module id"}},"required":["promoId","moduleId"]},"checkout":{"properties":{"cardNumber":{"type":"string","description":"Card Number of the User."},"cardExpMonth":{"type":"string","description":"card Expire Month of the User."},"cardExpYear":{"type":"string","description":"card Expire Year of the User."},"cardCvc":{"type":"string","description":"card Cvc of the User."},"cardName":{"type":"string","description":"card Name of the User."},"discountedAmount":{"type":"string","description":"discounted amount by promo apply"},"subTotal":{"type":"string","description":"Sub total amount"},"grandTotal":{"type":"string","description":"Grand Total amount to pay"},"promoId":{"type":"string","description":"promo id"},"moduleId":{"type":"string","description":"module id"}},"required":["cardNumber","cardExpMonth","cardExpYear","cardCvc","cardName","discountedAmount","subTotal","grandTotal","promoId","moduleId"]},"addUser":{"properties":{"email":{"type":"string","description":"Email of the User."},"name":{"type":"string","description":"name of the User."},"firstName":{"type":"string","description":"firstName of the User."},"lastName":{"type":"string","description":"lastName of the User."},"password":{"type":"string","description":"Password of the User."}},"required":["email","name","firstName","lastName","password"]},"addBlogCategory":{"properties":{"categoryName":{"type":"string","description":"categoryName of the Blog category."}},"required":["categoryName"]},"addBlog":{"properties":{"category":{"type":"string","description":"category of the Blog."},"title":{"type":"string","description":"title of the Blog."},"description":{"type":"string","description":"description of the Blog."},"metaTitle":{"type":"string","description":"metaTitle of the Blog."},"metaDescriptin":{"type":"string","description":"metaDescriptin of the Blog."},"metaKeyword":{"type":"string","description":"metaKeyword of the Blog."}},"required":["category","title","description","metaTitle","metaDescriptin","metaKeyword"]},"addCourse":{"properties":{"title":{"type":"string","description":"title of the Course."},"subTitle":{"type":"string","description":"sub title of the Course."},"description":{"type":"string","description":"description of the Course."},"topic":{"type":"string","description":"topic of the Course."},"bodySection1":{"type":"string","description":"body of Section1 of the Course."},"bannerImage":{"type":"string","description":"Banner Image of the Course."},"bodySectionImage1":{"type":"string","description":"bodySectionImage1 of the Course."},"bodySection2":{"type":"string","description":"body of Section2 of the Course."},"bodySectionImage2":{"type":"string","description":"bodySectionImage2 of the Course."},"bodySection3":{"type":"string","description":"body of Section3 of the Course."},"bodySectionImage3":{"type":"string","description":"bodySectionImage3 of the Course."},"bodySection4":{"type":"string","description":"body of Section4 of the Course."},"bodySectionImage4":{"type":"string","description":"bodySectionImage4 of the Course."}},"required":["title","subTitle","description","topic","bodySection1","bannerImage","bodySectionImage1","bodySection2","bodySectionImage2","bodySection3","bodySectionImage3","bodySection4","bodySectionImage4"]},"addModule":{"properties":{"moduleName":{"type":"string","description":"Name of the Module."},"course":{"type":"string","description":"id of the course."},"category":{"type":"string","description":"category of the Module."},"amount":{"type":"string","description":"amount of the Module."}},"required":["moduleName","course","category","amount"]},"addPressRelease":{"properties":{"category":{"type":"string","description":"category of the Press Release."},"title":{"type":"string","description":"title of the Press Release."},"description":{"type":"string","description":"description of the Press Release."},"metaTitle":{"type":"string","description":"metaTitle of the Press Release."},"metaDescription":{"type":"string","description":"metaDescription of the Press Release."},"metaKeyword":{"type":"string","description":"metaKeyword of the Press Release."}},"required":["category","title","description","metaTitle","metaDescription","metaKeyword"]},"addPressReleaseCategory":{"properties":{"categoryName":{"type":"string","description":"categoryName of the Press Release Category."}},"required":["categoryName"]},"resetPassword":{"properties":{"email":{"type":"string","description":"email of the User."},"password":{"type":"string","description":"new password of the User."},"verifytoken":{"type":"string","description":"token of the User."},"id":{"type":"string","description":"id of the Admin."}},"required":["email","password","verifytoken","id"]},"signup":{"properties":{"email":{"type":"string","description":"Email of the User."},"firstName":{"type":"string","description":"firstName of the User."},"lastName":{"type":"string","description":"lastName of the User."},"password":{"type":"string","description":"Password of the User."}},"required":["email","firstName","lastName","password"]},"userChangePassword":{"properties":{"oldPassword":{"type":"string","description":"Old Password of the User."},"newPassword":{"type":"string","description":"new Password of the User."}},"required":["oldPassword","newPassword"]},"adminChangePassword":{"properties":{"oldPassword":{"type":"string","description":"Old Password of the Admin."},"newPassword":{"type":"string","description":"new Password of the Admin."}},"required":["oldPassword","newPassword"]},"userProfile":{"properties":{"firstName":{"type":"string","description":"firstName of the User."},"email":{"type":"string","description":"email of the User."}},"required":["firstName","email"]},"adminProfile":{"properties":{"firstName":{"type":"string","description":"firstName of the User."},"email":{"type":"string","description":"email of the User."}},"required":["firstName","email"]},"viewBlog":{"properties":{"_id":{"type":"string","description":"id of the Blog."}},"required":["_id"]},"deleteBlog":{"properties":{"_id":{"type":"string","description":"id of the Blog."}},"required":["_id"]},"updateBlog":{"properties":{"category":{"type":"string","description":"category of the Blog."},"title":{"type":"string","description":"title of the Blog."},"description":{"type":"string","description":"description of the Blog."},"metaTitle":{"type":"string","description":"metaTitle of the Blog."},"metaDescriptin":{"type":"string","description":"metaDescriptin of the Blog."},"metaKeyword":{"type":"string","description":"metaKeyword of the Blog."}},"required":["category","title","description","metaTitle","metaDescriptin","metaKeyword"]},"deleteBlogCategory":{"properties":{"_id":{"type":"string","description":"id of the Blog Category."}},"required":["_id"]},"updateBlogCategory":{"properties":{"categoryName":{"type":"string","description":"categoryName of the Blog."},"id":{"type":"string","description":"id of the Blog Category."}},"required":["categoryName","id"]},"viewCertificate":{"properties":{"courseId":{"type":"string","description":"id of the course."}},"required":["courseId"]},"viewCourse":{"properties":{"id":{"type":"string","description":"id of the Course."}},"required":["id"]},"deleteCourse":{"properties":{"_id":{"type":"string","description":"id of the Course."}},"required":["_id"]},"updateCourse":{"properties":{"title":{"type":"string","description":"title of the Course."},"subTitle":{"type":"string","description":"sub title of the Course."},"description":{"type":"string","description":"description of the Course."},"topic":{"type":"string","description":"topic of the Course."},"bodySection1":{"type":"string","description":"body of Section1 of the Course."},"bodySection2":{"type":"string","description":"body of Section2 of the Course."},"bodySection3":{"type":"string","description":"body of Section3 of the Course."},"bodySection4":{"type":"string","description":"body of Section4 of the Course."}},"required":["title","subTitle","description","topic","bodySection1","bodySection2","bodySection3","bodySection4"]},"viewPressRelease":{"properties":{"_id":{"type":"string","description":"id of the Press Release."}},"required":["_id"]},"deletePressRelease":{"properties":{"_id":{"type":"string","description":"id of the Press Release."}},"required":["_id"]},"updatePressRelease":{"properties":{"category":{"type":"string","description":"category of the Press Release."},"title":{"type":"string","description":"title of the Press Release."},"description":{"type":"string","description":"description of the Press Release."},"metaTitle":{"type":"string","description":"metaTitle of the Press Release."},"metaDescription":{"type":"string","description":"metaDescription of the Press Release."},"metaKeyword":{"type":"string","description":"metaKeyword of the Press Release."}},"required":["category","title","description","metaTitle","metaDescription","metaKeyword"]},"deletePressReleaseCategory":{"properties":{"_id":{"type":"string","description":"id of the Press Release Category."}},"required":["_id"]},"updatePressReleaseCategory":{"properties":{"categoryName":{"type":"string","description":"categoryName of the press release."},"id":{"type":"string","description":"id of the Press Release Category."}},"required":["categoryName","id"]},"User_details":{"properties":{"_id":{"type":"string","description":"id of the User."}},"required":["_id"]},"deleteUser":{"properties":{"_id":{"type":"string","description":"id of the User."}},"required":["_id"]},"updateUser":{"properties":{"email":{"type":"string","description":"Email of the User."},"firstName":{"type":"string","description":"firstName of the User."},"lastName":{"type":"string","description":"lastName of the User."}},"required":["email","firstName","lastName"]},"addCorporate":{"properties":{"name":{"type":"string","description":"contactNumber of the Corporate."}},"required":["name"]},"addPromo":{"properties":{"percentOff":{"type":"string","description":"value of percentage off in promo."},"endDate":{"type":"string","description":"Expire Date of the promo."},"startDate":{"type":"string","description":"Start Date of the promo."},"promoTitle":{"type":"string","description":"title of the promo."},"promoCode":{"type":"string","description":"code of the promo."}},"required":["percentOff","endDate","startDate","promoTitle","promoCode"]},"addUniversity":{"properties":{"name":{"type":"string","description":"contactNumber of the University."}},"required":["name"]},"deleteEnterprise":{"properties":{"_id":{"type":"string","description":"id of the Enterprise"}},"required":["_id"]},"viewEnterprise":{"properties":{"id":{"type":"string","description":"id of the Enterprise."}},"required":["id"]},"deleteModule":{"properties":{"_id":{"type":"string","description":"id of the Module"}},"required":["_id"]},"updateModule":{"properties":{"moduleName":{"type":"string","description":"Name of the Module."},"course":{"type":"string","description":"id of the course."},"category":{"type":"string","description":"category of the Module."},"amount":{"type":"string","description":"amount of the Module."},"id":{"type":"string","description":"id of the Module."}},"required":["moduleName","course","category","amount","id"]},"viewModule":{"properties":{"id":{"type":"string","description":"id of the Module."}},"required":["id"]},"deletePromo":{"properties":{"promoCode":{"type":"string","description":"Code of the promo."}},"required":["promoCode"]},"updatePromo":{"properties":{"percentOff":{"type":"string","description":"value of percentage off in promo."},"endDate":{"type":"string","description":"Expire Date of the promo."},"startDate":{"type":"string","description":"Start Date of the promo."},"promoTitle":{"type":"string","description":"title of the promo."},"promoCode":{"type":"string","description":"code of the promo."}},"required":["percentOff","endDate","startDate","promoTitle","promoCode"]},"updateBlogStatus":{"properties":{"isActive":{"type":"boolean","description":"isActive status of the Blog."},"id":{"type":"string","description":"id of the Blog."}},"required":["isActive","id"]},"updateCertificateStatus":{"properties":{"status":{"type":"boolean","description":"Status of the Certificate Request."},"id":{"type":"string","description":"id of the Certificate Request."}},"required":["status","id"]},"updateCorporate":{"properties":{"name":{"type":"string","description":"name of the Corporate."}},"required":["name"]},"updateCourseStatus":{"properties":{"isActive":{"type":"boolean","description":"isActive status of the Course."},"id":{"type":"string","description":"id of the Course."}},"required":["isActive","id"]},"updateModuleStatus":{"properties":{"isActive":{"type":"boolean","description":"isActive status of the Module."},"id":{"type":"string","description":"id of the Module."}},"required":["isActive","id"]},"updatePressReleaseCategoryStatus":{"properties":{"isActive":{"type":"boolean","description":"isActive status of the Press Release Category."},"id":{"type":"string","description":"id of the Press Release Category."}},"required":["isActive","id"]},"updatePressReleaseStatus":{"properties":{"isActive":{"type":"boolean","description":"isActive status of the Press Release."},"id":{"type":"string","description":"id of the Press Release."}},"required":["isActive","id"]},"updatePromoStatus":{"properties":{"isActive":{"type":"boolean","description":"isActive status of the Promo."},"id":{"type":"string","description":"id of the Promo."}},"required":["isActive","id"]},"updateStatus":{"properties":{"isActive":{"type":"boolean","description":"isActive status of the User."},"id":{"type":"string","description":"id of the User."}},"required":["isActive","id"]},"updateStatusBlogCategory":{"properties":{"isActive":{"type":"boolean","description":"isActive status of the Blog Category."},"id":{"type":"string","description":"id of the Blog Category."}},"required":["isActive","id"]},"updateUniversity":{"properties":{"name":{"type":"string","description":"name of the University."}},"required":["name"]},"viewTransaction":{"properties":{"_id":{"type":"string","description":"id of the Transaction."}},"required":["_id"]}}}