_id,isActive,isDeleted,role,firstName,lastName,email,createdAt
619f808431e1461520a7a29a,true,false,Admin,abdul,qureshi,abdul@coinfied.com,Thu Nov 25 2021 17:54:36 GMT+0530 (India Standard Time)
619f800231e1461520a7a28e,true,false,Admin,abdul,Hannan,superadmin@coinfied.com,Thu Nov 25 2021 17:52:26 GMT+0530 (India Standard Time)
619f7f5731e1461520a7a278,true,true,Admin,abdul,Hannan,superadmin@coinfied.com,Thu Nov 25 2021 17:49:35 GMT+0530 (India Standard Time)
619f7e3731e1461520a7a21e,true,false,Admin,abdul,Hannan,hannan@coinfied.com,Thu Nov 25 2021 17:44:47 GMT+0530 (India Standard Time)
619f7d7331e1461520a7a1d4,true,true,Admin,abdu,qureshi,superadmin@coinfied.com,Thu Nov 25 2021 17:41:31 GMT+0530 (India Standard Time)
619e6f8b285cd41f7cfd6c44,true,true,Admin,Mannan,Qureshi,mannan@coinfied.com,Wed Nov 24 2021 22:29:55 GMT+0530 (India Standard Time)
619e605a285cd41f7cfd6a97,true,true,Admin,Balvindar,Tester,balvinder@coinfied.com,Wed Nov 24 2021 21:25:06 GMT+0530 (India Standard Time)
619e53bc285cd41f7cfd65c2,true,true,Admin,Abdul,Hannan,abdul.h@chapter247.com,Wed Nov 24 2021 20:31:16 GMT+0530 (India Standard Time)
619e3411ff340326ec5eeefc,true,true,Admin,design test,Tester,design.h@chapter247.com,Wed Nov 24 2021 18:16:09 GMT+0530 (India Standard Time)
619e33afff340326ec5eeef0,true,true,Admin,Abdul,Hannan,abdul.h@chapter247.com,Wed Nov 24 2021 18:14:31 GMT+0530 (India Standard Time)
619e32f1ff340326ec5eeec8,true,true,Admin,design test,Tester,superadmin@coinfied.com,Wed Nov 24 2021 18:11:21 GMT+0530 (India Standard Time)
619e3219ff340326ec5eee9c,true,true,Admin,design testasasas,Tester,supeasdasdasdasradmin@coinfied.com,Wed Nov 24 2021 18:07:45 GMT+0530 (India Standard Time)
619e17fa32e6822bc8734559,true,true,Admin,mohit,bhati,superadmin@coinfied.com,Wed Nov 24 2021 16:16:18 GMT+0530 (India Standard Time)
619e173432e6822bc8734512,true,true,Admin,Abdul,Hannan,abdul.h@chapter247.com,Wed Nov 24 2021 16:13:00 GMT+0530 (India Standard Time)
619e150932e6822bc87344d9,true,true,Admin,User,Prono,userPromo@coinfied.com,Wed Nov 24 2021 16:03:45 GMT+0530 (India Standard Time)
619e0ecd32e6822bc87343a1,true,true,Admin,design test,Tester,superadmiasdasdasdasd@coinfied.com,Wed Nov 24 2021 15:37:09 GMT+0530 (India Standard Time)
619e0e5d32e6822bc8734398,true,true,Admin,design test,Tester,superasasasasdadmin@coinfied.com,Wed Nov 24 2021 15:35:17 GMT+0530 (India Standard Time)
619e0e1532e6822bc873437f,true,true,Admin,design test,Tester,superadaaamin@coinfied.com,Wed Nov 24 2021 15:34:05 GMT+0530 (India Standard Time)
619e0d1d32e6822bc873435c,true,true,Admin,abdul add,test,superadminaaaa@coinfied.com,Wed Nov 24 2021 15:29:57 GMT+0530 (India Standard Time)
619e034e32e6822bc873424c,true,true,Admin,design test,Tester,superadasasasmin@coinfied.com,Wed Nov 24 2021 14:48:06 GMT+0530 (India Standard Time)
619def5b32e6822bc873406c,true,true,Admin,Balvindar,Singh,baldmin@coinfied.com,Wed Nov 24 2021 13:22:59 GMT+0530 (India Standard Time)
619deb8632e6822bc8733ff1,true,true,Admin,Abdul,Hannan,Hannan@coinfied.com,Wed Nov 24 2021 13:06:38 GMT+0530 (India Standard Time)
619deb1f32e6822bc8733fd5,false,true,Admin,design test,Tester,superaasasasasdmin@coinfied.com,Wed Nov 24 2021 13:04:55 GMT+0530 (India Standard Time)
619d22deee55ac39e4e29615,true,true,Admin,design test,Tester,superadmin@coinfied.coma,Tue Nov 23 2021 22:50:30 GMT+0530 (India Standard Time)
619d22d0ee55ac39e4e29604,true,true,Admin,Hannan,Qureshi,supearadmin@coinfied.com,Tue Nov 23 2021 22:50:16 GMT+0530 (India Standard Time)
619d22bdee55ac39e4e295f1,true,true,Admin,Abdul,Hannan,superadmin@coinfied.com,Tue Nov 23 2021 22:49:57 GMT+0530 (India Standard Time)
619d22a5ee55ac39e4e295de,true,true,Admin,Abdul,Hannan,superadmin@coinfied.com,Tue Nov 23 2021 22:49:33 GMT+0530 (India Standard Time)
619d223aee55ac39e4e295c3,true,true,Admin,Abdul,Hannan,abdul@coinfied.com,Tue Nov 23 2021 22:47:46 GMT+0530 (India Standard Time)
619d2167ee55ac39e4e2953d,true,true,Admin,design test,Tester,superfffadmin@coinfied.com,Tue Nov 23 2021 22:44:15 GMT+0530 (India Standard Time)
619d215aee55ac39e4e2952c,true,true,Admin,design test,Tester,suaspeasradmin@coinfied.com,Tue Nov 23 2021 22:44:02 GMT+0530 (India Standard Time)
619d2150ee55ac39e4e29520,true,true,Admin,design test,Tester,superadmin@coinfied.comdssdsd,Tue Nov 23 2021 22:43:52 GMT+0530 (India Standard Time)
619d20e8ee55ac39e4e294f5,true,true,Admin,design test,Tester,sudfgdfgperadmin@coinfied.com,Tue Nov 23 2021 22:42:08 GMT+0530 (India Standard Time)
619d20e0ee55ac39e4e294e9,true,true,Admin,design test,Tester,dfgsuperadgddfmdfgin@coinfied.com,Tue Nov 23 2021 22:42:00 GMT+0530 (India Standard Time)
619d20d3ee55ac39e4e294dd,true,true,Admin,design test,Tester,superaddgffgdfgdfgdmin@coinfied.com,Tue Nov 23 2021 22:41:47 GMT+0530 (India Standard Time)
619d20c8ee55ac39e4e294d1,true,true,Admin,design test,Tester,superadmdfgdfgdfgin@coinfied.com,Tue Nov 23 2021 22:41:36 GMT+0530 (India Standard Time)
619d20bcee55ac39e4e294c5,true,true,Admin,desigdfn testdffg,Tester,dfgdfgsuperadfgdmin@coinfied.com,Tue Nov 23 2021 22:41:24 GMT+0530 (India Standard Time)
619d20a8ee55ac39e4e294b9,true,true,Admin,design test,Tester,supaaaaaeradmin@coinfied.com,Tue Nov 23 2021 22:41:04 GMT+0530 (India Standard Time)
619d209aee55ac39e4e294ab,true,true,Admin,design test,Tester,superadminasaas@coinfied.com,Tue Nov 23 2021 22:40:50 GMT+0530 (India Standard Time)
619d207fee55ac39e4e2949f,true,true,Admin,design test,Tester,superadmsadasdin@coinfied.com,Tue Nov 23 2021 22:40:23 GMT+0530 (India Standard Time)
619d1fe0ee55ac39e4e29489,true,true,Admin,design test,Tester,saaaauperaaaadmin@coinfied.com,Tue Nov 23 2021 22:37:44 GMT+0530 (India Standard Time)
619d1fd2ee55ac39e4e2947d,true,true,Admin,design test,Tester,superadasasmin@coinfied.com,Tue Nov 23 2021 22:37:30 GMT+0530 (India Standard Time)
619d1fc2ee55ac39e4e2946c,true,true,Admin,design test,Tester,superadmin@coinfied.com,Tue Nov 23 2021 22:37:14 GMT+0530 (India Standard Time)
619cf5bb0b271a2064eef25c,true,true,Admin,design test,Tester,superaaasasasdmin@coinfied.com,Tue Nov 23 2021 19:37:55 GMT+0530 (India Standard Time)
619cf5af0b271a2064eef250,true,true,Admin,design test,Tester,superaasadmin@coinfied.com,Tue Nov 23 2021 19:37:43 GMT+0530 (India Standard Time)
619cf5a50b271a2064eef244,true,true,Admin,design test,Tester,superadmin@coinfied.com,Tue Nov 23 2021 19:37:33 GMT+0530 (India Standard Time)
619cd266e18e32295c59c4b9,true,true,Admin,HAnnan,qureshi,abdul.aaah@chapter247.com,Tue Nov 23 2021 17:07:10 GMT+0530 (India Standard Time)
619cc8dce18e32295c59c2e5,true,true,Admin,design test edit,Tester,abdul.aah@chapter247.com,Tue Nov 23 2021 16:26:28 GMT+0530 (India Standard Time)
619cc84ee18e32295c59c2c7,true,true,Admin,design test,Tester,abdul.h@chsapter247.coasa,Tue Nov 23 2021 16:24:06 GMT+0530 (India Standard Time)
619cc840e18e32295c59c2bb,false,true,Admin,design test,Tester,abdul.h@chapter247.com,Tue Nov 23 2021 16:23:52 GMT+0530 (India Standard Time)
619cc7fce18e32295c59c297,false,true,Admin,design test,Tester,aadasdbdul.h@chapasdasdasdasdter247.com,Tue Nov 23 2021 16:22:44 GMT+0530 (India Standard Time)
619cc7f3e18e32295c59c28b,true,true,Admin,design test,Tester,abasdasdasddul.h@chapter247.com,Tue Nov 23 2021 16:22:35 GMT+0530 (India Standard Time)
619cc7e5e18e32295c59c27b,true,true,Admin,design test,Tester,abdul.hasdas@chapasdaster247.com,Tue Nov 23 2021 16:22:21 GMT+0530 (India Standard Time)
619cc7dde18e32295c59c26f,false,true,Admin,design test,Tester,abdsasasul.asasah@chapter247.com,Tue Nov 23 2021 16:22:13 GMT+0530 (India Standard Time)
619cc7d6e18e32295c59c263,true,true,Admin,design test,Tester,abdulasas.h@chapter247.com,Tue Nov 23 2021 16:22:06 GMT+0530 (India Standard Time)
619cc6d6e18e32295c59c1f7,true,true,Admin,design test,Tester,abssdul.aaash@chaasasapter247.com,Tue Nov 23 2021 16:17:50 GMT+0530 (India Standard Time)
619cc6cbe18e32295c59c1eb,true,true,Admin,asasass,asdsfdsf,dsdfsfsdfabdul.h@chapter247.com,Tue Nov 23 2021 16:17:39 GMT+0530 (India Standard Time)
619cc6bfe18e32295c59c1df,true,true,Admin,design test,Tester,asdsbdul.h@chapdsdster247.com,Tue Nov 23 2021 16:17:27 GMT+0530 (India Standard Time)
619cc6b7e18e32295c59c1d3,true,true,Admin,design test,Tester,abdasasasul.h@chapter247.com,Tue Nov 23 2021 16:17:19 GMT+0530 (India Standard Time)
619cc6a8e18e32295c59c1c5,true,true,Admin,design test,Tester,aasdasdadbddas.h@chapter247.com,Tue Nov 23 2021 16:17:04 GMT+0530 (India Standard Time)
619cc69de18e32295c59c1b9,true,true,Admin,design test,Tester,abdul.dasash@chapter247.com,Tue Nov 23 2021 16:16:53 GMT+0530 (India Standard Time)
619cc695e18e32295c59c1ad,true,true,Admin,design test,Tester,abdssdul.h@chapter247.com,Tue Nov 23 2021 16:16:45 GMT+0530 (India Standard Time)
619cc68be18e32295c59c19f,true,true,Admin,design test,Tester,abdul.hq@chapter247.com,Tue Nov 23 2021 16:16:35 GMT+0530 (India Standard Time)
619cc65de18e32295c59c186,true,true,Admin,Balvindar edit,Sing,Balvindar@chapter247.com,Tue Nov 23 2021 16:15:49 GMT+0530 (India Standard Time)
619cb10d1c37551f00fb2f5b,true,true,Admin,Abdul edit,Hannan qureshi,abdul.h@chapter247.com,Tue Nov 23 2021 14:44:53 GMT+0530 (India Standard Time)
619cb0f21c37551f00fb2f4f,true,true,Admin,mohit Panday,panday,mohit@coinfied.com,Tue Nov 23 2021 14:44:26 GMT+0530 (India Standard Time)
619cb0791c37551f00fb2f19,true,true,Admin,edit,edit,edit@coinfied.com,Tue Nov 23 2021 14:42:25 GMT+0530 (India Standard Time)
619caf34269c9818d01202f4,true,true,Admin,design test,Tester,superadmin@coinfied.com,Tue Nov 23 2021 14:37:00 GMT+0530 (India Standard Time)
619caf10269c9818d01202e0,true,true,Admin,design test,Tester,superadmin@coinfied.com,Tue Nov 23 2021 14:36:24 GMT+0530 (India Standard Time)
619c99f4269c9818d0120060,true,true,Admin,design test new,Tester,superadaaaaasasasmin@coinfied.com,Tue Nov 23 2021 13:06:20 GMT+0530 (India Standard Time)
619c919c5d6ed32584759a7e,true,true,Admin,Mohit Panday,Panday Ji,Mohitsuperadmin@coinfied.com,Tue Nov 23 2021 12:30:44 GMT+0530 (India Standard Time)
619c84485d6ed32584759751,true,true,Admin,hannan,front,subn@coinfied.com,Tue Nov 23 2021 11:33:52 GMT+0530 (India Standard Time)
619c82ab058ed334240c7bcd,true,true,Admin,Rajvardhan,Singh,Raj@coinfied.com,Tue Nov 23 2021 11:26:59 GMT+0530 (India Standard Time)
619c8277058ed334240c7bad,true,true,Admin,Balvindar,Singh,Balvindar@coinfied.com,Tue Nov 23 2021 11:26:07 GMT+0530 (India Standard Time)
619bcc1c91e26f1ee8c4edac,true,true,Admin,Tata design test,Tester,superaasaasasdmin@coinfied.com,Mon Nov 22 2021 22:28:04 GMT+0530 (India Standard Time)
619bb0257a1b3f1d78fbcb02,true,true,Admin,aaa,Tester,balvinder.s@chapter247.com,Mon Nov 22 2021 20:28:45 GMT+0530 (India Standard Time)
619ba508daa9041814a7746f,true,true,Admin,Nikita,Desiger,Nikita@coinfied.com,Mon Nov 22 2021 19:41:20 GMT+0530 (India Standard Time)
619ba4d4daa9041814a7745e,true,true,Admin,design test,Tester,minto@coinfied.com,Mon Nov 22 2021 19:40:28 GMT+0530 (India Standard Time)
619ba309daa9041814a7743c,true,true,Admin,design test,Tester,superadaaaaamin@coiaaaaaafied.com,Mon Nov 22 2021 19:32:49 GMT+0530 (India Standard Time)
619ba1a4daa9041814a7741f,true,true,Admin,design test sss,Tester sassas,superadmin@coinfied.com,Mon Nov 22 2021 19:26:52 GMT+0530 (India Standard Time)
619ba135daa9041814a7740d,true,true,Admin,Abdul,Hannan,abdul.h@chapter247.com,Mon Nov 22 2021 19:25:01 GMT+0530 (India Standard Time)
619ba0e3daa9041814a77401,true,true,Admin,design test,Tester,testchanchal.chapter247@gmail.com,Mon Nov 22 2021 19:23:39 GMT+0530 (India Standard Time)