_id,talentLmsUserId,university,corporate,isActive,isDeleted,role,firstName,lastName,email,createdAt
619cd266e18e32295c59c4b9,,,,true,false,Admin,HAnnan,qureshi,abdul.aaah@chapter247.com,Tue Nov 23 2021 17:07:10 GMT+0530 (India Standard Time)
619cc8dce18e32295c59c2e5,,,,true,true,Admin,design test edit,Tester,abdul.aah@chapter247.com,Tue Nov 23 2021 16:26:28 GMT+0530 (India Standard Time)
619cc84ee18e32295c59c2c7,,,,true,false,Admin,design test,Tester,abdul.h@chsapter247.coasa,Tue Nov 23 2021 16:24:06 GMT+0530 (India Standard Time)
619cc840e18e32295c59c2bb,,,,false,false,Admin,design test,Tester,abdul.h@chapter247.com,Tue Nov 23 2021 16:23:52 GMT+0530 (India Standard Time)
619cc7fce18e32295c59c297,,,,false,false,Admin,design test,Tester,aadasdbdul.h@chapasdasdasdasdter247.com,Tue Nov 23 2021 16:22:44 GMT+0530 (India Standard Time)
619cc7f3e18e32295c59c28b,,,,true,false,Admin,design test,Tester,abasdasdasddul.h@chapter247.com,Tue Nov 23 2021 16:22:35 GMT+0530 (India Standard Time)
619cc7e5e18e32295c59c27b,,,,true,false,Admin,design test,Tester,abdul.hasdas@chapasdaster247.com,Tue Nov 23 2021 16:22:21 GMT+0530 (India Standard Time)
619cc7dde18e32295c59c26f,,,,false,true,Admin,design test,Tester,abdsasasul.asasah@chapter247.com,Tue Nov 23 2021 16:22:13 GMT+0530 (India Standard Time)
619cc7d6e18e32295c59c263,,,,true,false,Admin,design test,Tester,abdulasas.h@chapter247.com,Tue Nov 23 2021 16:22:06 GMT+0530 (India Standard Time)
619cc6d6e18e32295c59c1f7,,,,true,true,Admin,design test,Tester,abssdul.aaash@chaasasapter247.com,Tue Nov 23 2021 16:17:50 GMT+0530 (India Standard Time)
619cc6cbe18e32295c59c1eb,,,,true,true,Admin,asasass,asdsfdsf,dsdfsfsdfabdul.h@chapter247.com,Tue Nov 23 2021 16:17:39 GMT+0530 (India Standard Time)
619cc6bfe18e32295c59c1df,,,,true,true,Admin,design test,Tester,asdsbdul.h@chapdsdster247.com,Tue Nov 23 2021 16:17:27 GMT+0530 (India Standard Time)
619cc6b7e18e32295c59c1d3,,,,true,false,Admin,design test,Tester,abdasasasul.h@chapter247.com,Tue Nov 23 2021 16:17:19 GMT+0530 (India Standard Time)
619cc6a8e18e32295c59c1c5,,,,true,false,Admin,design test,Tester,aasdasdadbddas.h@chapter247.com,Tue Nov 23 2021 16:17:04 GMT+0530 (India Standard Time)
619cc69de18e32295c59c1b9,,,,true,false,Admin,design test,Tester,abdul.dasash@chapter247.com,Tue Nov 23 2021 16:16:53 GMT+0530 (India Standard Time)
619cc695e18e32295c59c1ad,,,,true,true,Admin,design test,Tester,abdssdul.h@chapter247.com,Tue Nov 23 2021 16:16:45 GMT+0530 (India Standard Time)
619cc68be18e32295c59c19f,,,,true,true,Admin,design test,Tester,abdul.hq@chapter247.com,Tue Nov 23 2021 16:16:35 GMT+0530 (India Standard Time)
619cc65de18e32295c59c186,,,,true,true,Admin,Balvindar edit,Sing,Balvindar@chapter247.com,Tue Nov 23 2021 16:15:49 GMT+0530 (India Standard Time)
619cb10d1c37551f00fb2f5b,,,,true,true,Admin,Abdul edit,Hannan qureshi,abdul.h@chapter247.com,Tue Nov 23 2021 14:44:53 GMT+0530 (India Standard Time)
619cb0f21c37551f00fb2f4f,,,,true,true,Admin,mohit Panday,panday,mohit@coinfied.com,Tue Nov 23 2021 14:44:26 GMT+0530 (India Standard Time)
619cb0791c37551f00fb2f19,,,,true,true,Admin,edit,edit,edit@coinfied.com,Tue Nov 23 2021 14:42:25 GMT+0530 (India Standard Time)
619caf62269c9818d0120305,,,,true,false,,design test,Tester,superadmiaan@coinfied.com,Tue Nov 23 2021 14:37:46 GMT+0530 (India Standard Time)
619caf34269c9818d01202f4,,,,true,true,Admin,design test,Tester,superadmin@coinfied.com,Tue Nov 23 2021 14:37:00 GMT+0530 (India Standard Time)
619caf10269c9818d01202e0,,,,true,true,Admin,design test,Tester,superadmin@coinfied.com,Tue Nov 23 2021 14:36:24 GMT+0530 (India Standard Time)
619cadba269c9818d01202c3,,,,true,false,,design test,Tester,ttt@coinfied.com,Tue Nov 23 2021 14:30:42 GMT+0530 (India Standard Time)
619cad76269c9818d01202a2,,,,true,false,,design test ssaasas,Tester,suaasasasperadaaaamin@coinfied.com,Tue Nov 23 2021 14:29:34 GMT+0530 (India Standard Time)
619cac43269c9818d012026a,,,,true,false,,design test,Tester,supeasasdasdasradmin@coinfied.com,Tue Nov 23 2021 14:24:27 GMT+0530 (India Standard Time)
619cac36269c9818d012025e,,,,true,false,,design test,Tester,t@coinfied.com,Tue Nov 23 2021 14:24:14 GMT+0530 (India Standard Time)
619c9d63269c9818d0120130,,,,true,false,,design test,Tester,supeasasaradmin@coinfied.com,Tue Nov 23 2021 13:20:59 GMT+0530 (India Standard Time)
619c9c58269c9818d012010e,,,,true,false,,design test,Tester,superadaasasmin@coinfied.com,Tue Nov 23 2021 13:16:32 GMT+0530 (India Standard Time)
619c9bba269c9818d01200e6,,,,true,false,,design test,Tester,superaaaaadmin@coinfied.com,Tue Nov 23 2021 13:13:54 GMT+0530 (India Standard Time)
619c9b51269c9818d01200c2,,,,true,false,,design test,Tester,superadaaaamin@coinfied.com,Tue Nov 23 2021 13:12:09 GMT+0530 (India Standard Time)
619c99f4269c9818d0120060,,,,true,true,Admin,design test new,Tester,superadaaaaasasasmin@coinfied.com,Tue Nov 23 2021 13:06:20 GMT+0530 (India Standard Time)
619c99ec269c9818d012005b,,,,true,false,,design test new,Tester,superadaasasasmin@coinfied.com,Tue Nov 23 2021 13:06:12 GMT+0530 (India Standard Time)
619c981e5d6ed32584759aff,,,,true,false,,design testaa,Tester,superadmin@coinfied.comaaaa,Tue Nov 23 2021 12:58:30 GMT+0530 (India Standard Time)
619c97715d6ed32584759ae5,,,,true,false,,aaasas,Tester,aaaaamin@coinfied.com,Tue Nov 23 2021 12:55:37 GMT+0530 (India Standard Time)
619c96f35d6ed32584759ac6,,,,true,false,,Hannan,Tester,superadmiaaaaan@coinfied.com,Tue Nov 23 2021 12:53:31 GMT+0530 (India Standard Time)
619c95e65d6ed32584759aa2,,,,true,false,,design test,Testerasdasdas,superadasasasmin@coinfied.com,Tue Nov 23 2021 12:49:02 GMT+0530 (India Standard Time)
619c919c5d6ed32584759a7e,,,,true,true,Admin,Mohit Panday,Panday Ji,Mohitsuperadmin@coinfied.com,Tue Nov 23 2021 12:30:44 GMT+0530 (India Standard Time)
619c84485d6ed32584759751,,,,true,true,Admin,hannan,front,subn@coinfied.com,Tue Nov 23 2021 11:33:52 GMT+0530 (India Standard Time)
619c82ab058ed334240c7bcd,,,,true,true,Admin,Rajvardhan,Singh,Raj@coinfied.com,Tue Nov 23 2021 11:26:59 GMT+0530 (India Standard Time)
619c8277058ed334240c7bad,,,,true,true,Admin,Balvindar,Singh,Balvindar@coinfied.com,Tue Nov 23 2021 11:26:07 GMT+0530 (India Standard Time)
619bcc1c91e26f1ee8c4edac,,,,true,true,Admin,Tata design test,Tester,superaasaasasdmin@coinfied.com,Mon Nov 22 2021 22:28:04 GMT+0530 (India Standard Time)
619bcc0891e26f1ee8c4eda0,,,,true,false,,Mohit,Bhati,sasuperasasadmin@coinfied.com,Mon Nov 22 2021 22:27:44 GMT+0530 (India Standard Time)
619bc3747a1b3f1d78fbcc6c,,,,true,false,,Hannan,Qureshi,Mannaaaaaan@coinfied.com,Mon Nov 22 2021 21:51:08 GMT+0530 (India Standard Time)
619bc3107a1b3f1d78fbcc65,,,,true,false,,Mannan Test,Qureshi,Mannan@coinfied.com,Mon Nov 22 2021 21:49:28 GMT+0530 (India Standard Time)
619bb0257a1b3f1d78fbcb02,,,,true,true,Admin,aaa,Tester,balvinder.s@chapter247.com,Mon Nov 22 2021 20:28:45 GMT+0530 (India Standard Time)
619ba508daa9041814a7746f,,,,true,true,Admin,Nikita,Desiger,Nikita@coinfied.com,Mon Nov 22 2021 19:41:20 GMT+0530 (India Standard Time)
619ba4d4daa9041814a7745e,,,,true,true,Admin,design test,Tester,minto@coinfied.com,Mon Nov 22 2021 19:40:28 GMT+0530 (India Standard Time)
619ba309daa9041814a7743c,,,,true,true,Admin,design test,Tester,superadaaaaamin@coiaaaaaafied.com,Mon Nov 22 2021 19:32:49 GMT+0530 (India Standard Time)
619ba298daa9041814a77434,,Abilene Christian University,,true,false,Student,design test,Tester,abdul.h@chapter247.com,Mon Nov 22 2021 19:30:56 GMT+0530 (India Standard Time)
619ba1a4daa9041814a7741f,,,,true,true,Admin,design test sss,Tester sassas,superadmin@coinfied.com,Mon Nov 22 2021 19:26:52 GMT+0530 (India Standard Time)
619ba135daa9041814a7740d,,,,true,true,Admin,Abdul,Hannan,abdul.h@chapter247.com,Mon Nov 22 2021 19:25:01 GMT+0530 (India Standard Time)
619ba0e3daa9041814a77401,,,,true,true,Admin,design test,Tester,testchanchal.chapter247@gmail.com,Mon Nov 22 2021 19:23:39 GMT+0530 (India Standard Time)
619b75f71f15982e049806c1,,,Netlify test,true,false,Corporate Employee,design testsd,Testersdds,supersddsadmin@coinfied.com,Mon Nov 22 2021 16:20:31 GMT+0530 (India Standard Time)
6198a9c3a64069139c9d90c0,,,,true,false,Individual,design test,Tester,superadmaaaain@cosssinfied.com,Sat Nov 20 2021 13:24:43 GMT+0530 (India Standard Time)
6198a9b2a64069139c9d90ba,,,,true,false,Individual,design test,Tester,superadmaaaain@coinfied.com,Sat Nov 20 2021 13:24:26 GMT+0530 (India Standard Time)
6197445238341434ac18a761,,,,true,false,Individual,test,test Last,superadmin@coinfied.com,Fri Nov 19 2021 11:59:38 GMT+0530 (India Standard Time)
6197443c38341434ac18a75b,,Abilene Christian University,,true,false,Student,test,test Last,superadmin@coinfied.com,Fri Nov 19 2021 11:59:16 GMT+0530 (India Standard Time)
6197437938341434ac18a714,,,,true,false,Superadmin,Super-admin,,superadmin@coinfied.com,Fri Nov 19 2021 11:56:01 GMT+0530 (India Standard Time)